Fitness,ExampleReversalStrategy.ExitStrategy.StopLoss,ExampleReversalStrategy.ExitStrategy.TargetProfit
27.1656420630679,0.01,0
12.8865828842701,0.11,0
6.7967582677547,0.21,0
16.2622574771274,0.31,0
13.652593140714,0.41,0
9.77710085631645,0.51,0
13.918897484936,0.61,0
6.48154058548407,0.71,0
6.48154058548407,0.81,0
6.48154058548407,0.91,0
