Fitness,ExampleReversalStrategy.ExitStrategy.StopLoss,ExampleReversalStrategy.ExitStrategy.TargetProfit
-1.76637491658555,0.01,0
11.0794338244705,0.11,0
3.40336383539301,0.21,0
6.28885850384515,0.31,0
7.4028983052391,0.41,0
7.4028983052391,0.51,0
7.4028983052391,0.61,0
7.84210026583094,0.71,0
7.84210026583094,0.81,0
7.84210026583094,0.91,0
