Fitness,ExampleReversalStrategy.ExitStrategy.StopLoss,ExampleReversalStrategy.ExitStrategy.TargetProfit
-2.3237898635581,0.01,0
7.42871934213719,0.11,0
5.92993523127962,0.21,0
6.31504127467507,0.31,0
6.34150883044349,0.41,0
6.34150883044349,0.51,0
6.34150883044349,0.61,0
6.48154058548407,0.71,0
6.48154058548407,0.81,0
6.48154058548407,0.91,0
