Fitness,ExampleReversalStrategy.ExitStrategy.StopLoss,ExampleReversalStrategy.ExitStrategy.TargetProfit
-2.31841777771444,0.01,0
11.0681599881379,0.11,0
7.3483998670587,0.21,0
8.98211126131921,0.31,0
9.59950740530642,0.41,0
9.59950740530642,0.51,0
9.59950740530642,0.61,0
9.83719832598924,0.71,0
9.83719832598924,0.81,0
9.83719832598924,0.91,0
