Fitness,ExampleReversalStrategy.ExitStrategy.StopLoss,ExampleReversalStrategy.ExitStrategy.TargetProfit
-2.19756970676778,0.01,0
-2.11411536890364,0.11,0
-2.05072232258937,0.21,0
-2.034750652115,0.31,0
-2.24573799659736,0.41,0
8.51758170795558,0.51,0
13.918897484936,0.61,0
6.48154058548407,0.71,0
6.48154058548407,0.81,0
6.48154058548407,0.91,0
