Fitness,ExampleReversalStrategy.ExitStrategy.StopLoss,ExampleReversalStrategy.ExitStrategy.TargetProfit
-2.3184177785386,0.01,0
11.0681599765668,0.11,0
7.34839986441813,0.21,0
8.98211126024494,0.31,0
9.59950740843648,0.41,0
9.5995074083803,0.51,0
9.59950740605558,0.61,0
9.83719832647062,0.71,0
9.83719832399975,0.81,0
9.83719832477431,0.91,0
